RewriteEngine on

## REDIRECT FOLDER DIST ##
RewriteCond %{HTTP_HOST} ^sanimedicaltourism.com$ [NC,OR]
RewriteCond %{HTTP_HOST} ^www\.sanimedicaltourism\.com$
RewriteRule ^index\.html$ "http\:\/\/sanimedicaltourism\.com\/" [R=301,L]

RewriteCond %{REQUEST_URI} !dist/
RewriteRule (.*) /dist/$1 [L]

## EXPIRES CACHING ##
ExpiresByType image/jpg "access 1 year"
ExpiresByType image/jpeg "access 1 year"
ExpiresByType image/gif "access 1 year"
ExpiresByType image/png "access 1 year"
ExpiresByType text/css "access 1 month"
ExpiresByType text/html "access 1 month"
ExpiresByType application/pdf "access 1 month"
ExpiresByType text/x-javascript "access 1 month"
ExpiresByType application/x-shockwave-flash "access 1 month"
ExpiresByType image/x-icon "access 1 year"
ExpiresDefault "access 1 month"

## HARDCORE ##
Redirect 301 /about-us/ http://sanimedicaltourism.com/about-us.html
Redirect 301 /contact-us/ http://sanimedicaltourism.com/contact.html

Redirect 301 /medical-procedures/bariatric-surgery/ http://sanimedicalreferrals.com/medical-procedures/bariatric-surgery/
Redirect 301 /medical-procedures/dental/ http://sanimedicalreferrals.com/medical-procedures/dental/
Redirect 301 /blog/ http://sanimedicalreferrals.com/blog/
Redirect 301 /medical-procedures/plastic-surgery/ http://sanimedicalreferrals.com/medical-procedures/plastic-surgery/
Redirect 301 /blog/things-to-do-in-baja-california/ http://sanimedicalreferrals.com/blog/things-to-do-in-baja-california/
Redirect 301 /privacy-policy/ http://sanimedicalreferrals.com/privacy-policy/
Redirect 301 /profile/i-love-my-dentist/ http://sanimedicalreferrals.com/profile/i-love-my-dentist/
Redirect 301 /profile/o-dent/ http://sanimedicalreferrals.com/profile/o-dent/
Redirect 301 /profile/medina-medical-specialties/ http://sanimedicalreferrals.com/profile/medina-medical-specialties/
Redirect 301 /blog/visiting-mexicali/ http://sanimedicalreferrals.com/blog/visiting-mexicali/
Redirect 301 /profile/monica-soto-aguilera/ http://sanimedicalreferrals.com/profile/monica-soto-aguilera/
Redirect 301 /profile/progencell-stem-cell-therapies/ http://sanimedicalreferrals.com/profile/progencell-stem-cell-therapies/
Redirect 301 /profile/dentalia-cancun/ http://sanimedicalreferrals.com/profile/dentalia-cancun/
Redirect 301 /profile/o-dent/doctors/ http://sanimedicalreferrals.com/profile/o-dent/doctors/
Redirect 301 /medical-procedures/ http://sanimedicalreferrals.com/medical-procedures/
Redirect 301 /profile/monica-soto-aguilera/gallery/ http://sanimedicalreferrals.com/profile/monica-soto-aguilera/gallery/
Redirect 301 /profile/dentalia-cancun/doctors/ http://sanimedicalreferrals.com/profile/dentalia-cancun/doctors/
Redirect 301 /profile/monica-soto-aguilera/reviews/ http://sanimedicalreferrals.com/profile/monica-soto-aguilera/reviews/
Redirect 301 /profile/monica-soto-aguilera/location/ http://sanimedicalreferrals.com/profile/monica-soto-aguilera/location/
Redirect 301 /destinations/tijuana/ http://sanimedicalreferrals.com/destinations/tijuana/
Redirect 301 /profile/dental-spana/ http://sanimedicalreferrals.com/profile/dental-spana/
Redirect 301 /profile/monica-soto-aguilera/reviews-list/ http://sanimedicalreferrals.com/profile/monica-soto-aguilera/reviews-list/
Redirect 301 /blog/tips-for-medical-tourism-patients-and-the-people-who-accompany-them/ http://sanimedicalreferrals.com/blog/tips-for-medical-tourism-patients-and-the-people-who-accompany-them/
Redirect 301 /profile/i-love-my-dentist/reviews/ http://sanimedicalreferrals.com/profile/i-love-my-dentist/reviews/
Redirect 301 /profile/o-dent/reviews/ http://sanimedicalreferrals.com/profile/o-dent/reviews/
Redirect 301 /profile/i-love-my-dentist/gallery/ http://sanimedicalreferrals.com/profile/i-love-my-dentist/gallery/
Redirect 301 /blog/how-to-prepare-for-medical-tourism http://sanimedicalreferrals.com/blog/how-to-prepare-for-medical-tourism
Redirect 301 /profile/dental-spana/prices/ http://sanimedicalreferrals.com/profile/dental-spana/prices/
Redirect 301 /profile/o-dent/reviews-list/ http://sanimedicalreferrals.com/profile/o-dent/reviews-list/
Redirect 301 /destinations/ http://sanimedicalreferrals.com/destinations/
Redirect 301 /blog/how-to-prepare-for-medical-tourism/ http://sanimedicalreferrals.com/blog/how-to-prepare-for-medical-tourism/
Redirect 301 /destinations/los-algodones/ http://sanimedicalreferrals.com/destinations/los-algodones/
Redirect 301 /profile/dentalia-paseo-chapultepec/ http://sanimedicalreferrals.com/profile/dentalia-paseo-chapultepec/
Redirect 301 /profile/o-dent/gallery/ http://sanimedicalreferrals.com/profile/o-dent/gallery/
# Permanent URL redirect - generated by www.rapidtables.com
Redirect 301 /profile/medina-medical-specialties/location/ http://sanimedicalreferrals.com/profile/medina-medical-specialties/location/
Redirect 301 /podcast/visit-baja/ http://sanimedicalreferrals.com/podcast/visit-baja/
Redirect 301 /faqs/ http://sanimedicalreferrals.com/faqs/
Redirect 301 /profile/dentalia-paseo-chapultepec/prices/ http://sanimedicalreferrals.com/profile/dentalia-paseo-chapultepec/prices/
Redirect 301 /profile/dentalia-cancun/contact-clinic/ http://sanimedicalreferrals.com/profile/dentalia-cancun/contact-clinic/
Redirect 301 /destinations/mexicali http://sanimedicalreferrals.com/destinations/mexicali
Redirect 301 /profile/progencell-stem-cell-therapies/reviews/ http://sanimedicalreferrals.com/profile/progencell-stem-cell-therapies/reviews/
Redirect 301 /profile/o-dent/write-review/ http://sanimedicalreferrals.com/profile/o-dent/write-review/
Redirect 301 /profile/dental-spana/doctors/ http://sanimedicalreferrals.com/profile/dental-spana/doctors/
Redirect 301 /profile/sani-dental-platinum/ http://sanimedicalreferrals.com/profile/sani-dental-platinum/
Redirect 301 /profile/sani-dental-platinum/location/ http://sanimedicalreferrals.com/profile/sani-dental-platinum/location/
Redirect 301 /profile/medina-medical-specialties/prices/ http://sanimedicalreferrals.com/profile/medina-medical-specialties/prices/
Redirect 301 /destinations/tijuana http://sanimedicalreferrals.com/destinations/tijuana
Redirect 301 /destinations/cancun http://sanimedicalreferrals.com/destinations/cancun
Redirect 301 /profile/medina-medical-specialties/doctors/ http://sanimedicalreferrals.com/profile/medina-medical-specialties/doctors/
Redirect 301 /profile/i-love-my-dentist/contact-clinic/ http://sanimedicalreferrals.com/profile/i-love-my-dentist/contact-clinic/
Redirect 301 /profile/i-love-my-dentist/reviews-list/ http://sanimedicalreferrals.com/profile/i-love-my-dentist/reviews-list/
Redirect 301 /profile/progencell-stem-cell-therapies/location/ http://sanimedicalreferrals.com/profile/progencell-stem-cell-therapies/location/
Redirect 301 /profile/hospital-hispano-americano/ http://sanimedicalreferrals.com/profile/hospital-hispano-americano/
Redirect 301 /profile/dentalia-cancun/gallery/ http://sanimedicalreferrals.com/profile/dentalia-cancun/gallery/
Redirect 301 /profile/i-love-my-dentist/write-review/ http://sanimedicalreferrals.com/profile/i-love-my-dentist/write-review/
Redirect 301 /profile/progencell-stem-cell-therapies/prices/ http://sanimedicalreferrals.com/profile/progencell-stem-cell-therapies/prices/
Redirect 301 /profile/hospital-hispano-americano/contact-clinic/ http://sanimedicalreferrals.com/profile/hospital-hispano-americano/contact-clinic/
Redirect 301 /profile/hospital-hispano-americano/reviews/ http://sanimedicalreferrals.com/profile/hospital-hispano-americano/reviews/
Redirect 301 /profile/hospital-hispano-americano/prices/ http://sanimedicalreferrals.com/profile/hospital-hispano-americano/prices/
Redirect 301 /profile/hospital-hispano-americano/single-review/19/ http://sanimedicalreferrals.com/profile/hospital-hispano-americano/single-review/19/
Redirect 301 /profile/dental-spana/location/ http://sanimedicalreferrals.com/profile/dental-spana/location/




























